200,2,367,13,-24,0.003,0.011,短ほぞ,,,,,,
202,2,2000,240,-150,0.0025,0.01,CP-L,,,,,,
203,2,4000,115,-271,0.002,0.015,CP-T,,,,,,
204,2,7000,200,-500,0.0012,0.04,SB-E2,,,,,,
205,2,2000,230,-500,0.005,0.04,SB-E,,,,,,
206,2,5000,1364,-1000,0.004,0.015,HD10kN,,,,,,
209,2,7500,2046,-1500,0.004,0.015,HD15kN,,,,,,
210,2,10000,2728,-2000,0.004,0.015,HD20kN,,,,,,
207,2,11000,3000.8,-2200,0.004,0.016,HD25kN,,,,,,
208,2,12000,3273.6,-2400,0.004,0.016,HD30kN,,,,,,
212,2,14000,3819.2,-2800,0.004,0.016,HD35kN,,,,,,
211,2,14000,3000,-2705.6,0.004,0.016,HD40kN,,,,,,
201,2,11000,3000.8,-2200,0.004,0.016,HD25kN,,,,,,
299,2,8750,1875,-1691,0.004,0.016,横架材交差部,,,,,,
301,3,61.5,30,-0.1,0.00833,0.0167, 回転バネ,,,,,,
501,5,1,3.5,4.7,0,0.005,0.025,0.06,0.3,0.02,土壁（塗り厚70mm未満）,,
502,5,0.5,2.3,3,0,0.005,0.03,0.1,0.2,0.02,モルタル,,
525,5,3,9.5,10.5,0,0.01,0.06,0.12,0.3,0.02,構造用合板,,
500,5,6,19,21,0,0.01,0.06,0.12,0.3,0.02,構造用合板両面,,
503,5,0.5,1.8,2.1,0,0.003,0.02,0.055,0.17,0.02,石膏ボード(準耐力),,
5007,5,1,3.1,3.7,0,0.003,0.02,0.055,0.17,0.02,石膏ボード(大壁),,
504,5,0.5,2.5,3.3,0,0.005,0.035,0.11,0.35,0.02,サイディング,,
505,5,1.11,3.5,4.2,0,0.003,0.02,0.055,0.17,0.02,ラスボード,,
5000,5,3,9,10,0,0.01,0.06,0.12,0.3,0.02,構造用合板(真壁-受材) ,,
5001,5,2,6,6.7,0,0.01,0.06,0.12,0.3,0.02,構造用合板(真壁-貫),,
5002,5,3,8,9.7,0,0.01,0.045,0.11,0.3,0.02,構造用パネル(大壁)      ,,
5003,5,2.5,7.2,8.7,0,0.01,0.045,0.11,0.3,0.02,構造用パネル(真壁-受材)     ,,
5004,5,2,5.3,6.4,0,0.01,0.045,0.11,0.3,0.02,構造用パネル(真壁-貫) ,,
5005,5,2,6.5,7.8,0,0.005,0.035,0.09,0.19,0.02,ﾊﾟｰﾃｨｸﾙﾎﾞｰﾄﾞ(真壁-受材) ,,
5006,5,1.5,4.7,5.8,0,0.005,0.035,0.09,0.19,0.02,ﾊﾟｰﾃｨｸﾙﾎﾞｰﾄﾞ(真壁-貫)    ,,
5008,5,0.8,2.6,3.1,0,0.003,0.02,0.055,0.17,0.02,石膏ボード(真壁-受材) ,,
5009,5,0.7,2.5,2.9,0,0.003,0.02,0.055,0.17,0.02,石膏ボード(真壁-貫) ,,
5010,5,1,3.6,4.3,0,0.003,0.02,0.055,0.17,0.02,石膏ﾗｽﾎﾞｰﾄﾞ(真壁-受材),,
5011,5,0.9,3,3.6,0,0.003,0.02,0.055,0.17,0.02,石膏ﾗｽﾎﾞｰﾄﾞ(真壁-貫),,
5012,5,1.5,5.8,6.4,0,0.002,0.02,0.05,0.25,0.02,硬質木片セメント板,,
5013,5,1,3.5,4.5,0,0.002,0.015,0.035,0.23,0.02,炭酸マグネシウム板,,
5014,5,1,4.1,5,0,0.003,0.035,0.09,0.19,0.02,パルプセメント板,,
5015,5,0.7,3.1,3.7,0,0.003,0.035,0.09,0.19,0.02,ｼｰｼﾞﾝｸﾞｲﾝｼｭﾚｰｼｮﾝﾎﾞｰﾄﾞ ,,
5016,5,1,3.4,4.3,0,0.002,0.015,0.035,0.23,0.02,ラスシート ,,
5017,5,0.5,1.7,2.2,0,0.005,0.05,0.11,0.3,0.02,木ずり  ,,
5018,5,1.5,5.6,7.6,0,0.005,0.025,0.06,0.3,0.02,土塗壁(両面塗り厚70mm以上),,
5019,5,1.5,6,7.1,0,0.006,0.05,0.085,0.3,0.02,筋かい鉄筋9Φ,,
5100,5,0.6,2,4,0,0.002,0.015,0.1,0.3,0.02,合板(12-15mm)又はOSB N50@150 根太@500以下 半欠き,,
5101,5,0.7,3,6.5,0,0.002,0.02,0.12,0.3,0.02,合板(12-15mm)又はOSB N50@150 根太@500以下 転ばし,,
5102,5,0.9,3.5,8.5,0,0.002,0.025,0.13,0.3,0.02,合板(12-15mm)又はOSB N50@150 根太@500以下 落し込み,,
5103,5,2,13,19.5,0,0.002,0.05,0.2,0.3,0.02,合板(24-30mm)又はOSB又はPB 四周N75@150以下 根太なし 受材有り@1000以下 落し込み,,
5104,5,1,4.5,8.5,0,0.002,0.025,0.2,0.3,0.02,合板(24-30mm)又はOSB又はPB 川の字N75@150以下 根太なし 受材有り@1000以下 落し込み,,
5105,5,1,2.5,4,0,0.005,0.03,0.09,0.3,0.02,合板(9-15mm)又はOSB N50@150以下 垂木@500以下 転ばし 勾配45度以下,,
5106,5,0.5,2.7,5.5,0,0.004,0.055,0.2,0.3,0.02,合板(9-15mm)又はOSB N50@150以下 垂木@500以下 転ばし 勾配30度以下,,
5107,5,0.7,3,5.7,0,0.003,0.035,0.15,0.3,0.02,合板(9-15mm)又はOSB N50@150以下 垂木@500以下 転ばし+転び止め材 勾配30度以下,,
5108,5,0.2,1.6,3.1,0,0.003,0.08,0.2,0.3,0.02,火打構面梁せい105mm以上平均負担面積5m2以下,,
5109,5,0.5,3.2,5.7,0,0.008,0.08,0.19,0.3,0.02,火打構面梁せい105mm以上平均負担面積3.3m2以下,,
5114,5,0.83,5.32,9.47,0,0.008,0.08,0.19,0.3,0.02,火打構面梁せい105mm以上平均負担面積2.5m2以下,,
5110,5,0.3,2,3.3,0,0.01,0.1,0.2,0.3,0.02,火打構面梁せい150mm以上平均負担面積5m2以下,,
5115,5,0.42,1.81,3.37,0,0.01,0.06,0.17,0.3,0.02,火打構面梁せい150mm以上平均負担面積3.3m2以下,,
5111,5,0.7,3,5.6,0,0.01,0.06,0.17,0.3,0.02,火打構面梁せい150mm以上平均負担面積2.5m2以下,,
5112,5,0.5,1.9,3.8,0,0.01,0.06,0.17,0.3,0.02,火打構面梁せい240mm以上平均負担面積5m2以下,,
5113,5,0.9,3.1,5.8,0,0.01,0.06,0.15,0.3,0.02,火打構面梁せい240mm以上平均負担面積3.3m2以下,,
5116,5,1.5,5.18,9.69,0,0.01,0.06,0.15,0.3,0.02,火打構面梁せい240mm以上平均負担面積2.5m2以下,,
5119,5,0.5,3.2,5.7,0,0.008,0.08,0.19,0.3,0.02,火打構面梁せい105mm以上平均負担面積3.3m2以下,,
601,6,0.5,2.5,2.8,0,0.001,0.015,0.05,0.25,0.02,筋かい30×90,,
602,6,0.49,5.39,7.84,3.136,0.0005,0.03,0.11,0.22,0.02,筋かい45×90,,
603,6,0.5,1.7,2,0,0.001,0.015,0.05,0.25,0.02,筋かい15×90,,
604,6,1,3.5,4,0,0.002,0.015,0.05,0.25,0.02,筋かい90×90,,
650,6,0.4,2,2.24,0,0.001,0.015,0.05,0.25,0.02,筋かい30×90端部釘打ち,,
651,6,0.392,4.312,6.272,2.5088,0.0005,0.03,0.11,0.22,0.02,筋かい45×90端部釘打ち,,
652,6,0.5,1.75,2,0,0.002,0.015,0.05,0.25,0.02,筋かい90×90金物なし,,
701,7,1,5.3,6.5,0,0.002,0.035,0.082,0.18,0.02,圧縮筋かい30×90,,
702,7,0.49,8.134,12.25,3.92,0.0005,0.023,0.07,0.22,0.02,圧縮筋かい45×90,,
703,7,1,3.6,4,0,0.006,0.045,0.085,0.18,0.02,筋かい15×90圧縮,,
704,7,3,13,16.5,0,0.005,0.06,0.17,0.3,0.02,筋かい90×90圧縮,,
750,7,0.8,4.24,5.2,,0.002,0.035,0.082,0.18,0.02,圧縮筋かい30×90端部釘打ち,,
751,7,0.392,6.5072,9.8,3.136,0.0005,0.023,0.07,0.22,0.02,圧縮筋かい45×90端部釘打ち,,
752,7,1.5,6.5,8.25,0,0.005,0.06,0.17,0.3,0.02,圧縮筋かい90×90金物なし,,
101,10,7500000,40000,E75,,,,,,,,,
102,10,12000000,40000,E120,,,,,,,,,
6013,10,7000000,27000,すぎ甲種1級,,,,,,,,,
6014,10,7000000,25800,すぎ甲種2級,,,,,,,,,
6015,10,7000000,22200,すぎ甲種3級,,,,,,,,,
6016,10,7000000,21600,すぎ乙種1級,,,,,,,,,
6017,10,7000000,20400,すぎ乙種2級,,,,,,,,,
6018,10,7000000,18000,すぎ乙種3級,,,,,,,,,
6019,10,11000000,38400,ひのき甲種1級,,,,,,,,,
6020,10,11000000,34200,ひのき甲種2級,,,,,,,,,
6021,10,11000000,28800,ひのき甲種3級,,,,,,,,,
6022,10,11000000,30600,ひのき乙種1級,,,,,,,,,
6023,10,11000000,27000,ひのき乙種2級,,,,,,,,,
6024,10,11000000,23400,ひのき乙種3級,,,,,,,,,
6025,10,10000000,33600,あかまつ甲種1級,,,,,,,,,
6026,10,10000000,20400,あかまつ甲種2級,,,,,,,,,
6027,10,10000000,14400,あかまつ甲種3級,,,,,,,,,
6028,10,10000000,26400,あかまつ乙種1級,,,,,,,,,
6029,10,10000000,16800,あかまつ乙種2級,,,,,,,,,
6030,10,10000000,11400,あかまつ乙種3級,,,,,,,,,
6031,10,12000000,34200,べいまつ甲種1級,,,,,,,,,
6032,10,12000000,22800,べいまつ甲種2級,,,,,,,,,
6033,10,12000000,17400,べいまつ甲種3級,,,,,,,,,
6034,10,12000000,27000,べいまつ乙種1級,,,,,,,,,
6035,10,12000000,18000,べいまつ乙種2級,,,,,,,,,
6036,10,12000000,13800,べいまつ乙種3級,,,,,,,,,
6037,10,9500000,29400,からまつ甲種1級,,,,,,,,,
6038,10,9500000,25800,からまつ甲種2級,,,,,,,,,
6039,10,9500000,23400,からまつ甲種3級,,,,,,,,,
6040,10,9500000,23400,からまつ乙種1級,,,,,,,,,
6041,10,9500000,20400,からまつ乙種2級,,,,,,,,,
6042,10,9500000,17400,からまつ乙種3級,,,,,,,,,
6043,10,13000000,36000,ダフリカからまつ甲種1級,,,,,,,,,
6044,10,13000000,31200,ダフリカからまつ甲種2級,,,,,,,,,
6045,10,13000000,27600,ダフリカからまつ甲種3級,,,,,,,,,
6046,10,13000000,28800,ダフリカからまつ乙種1級,,,,,,,,,
6047,10,13000000,25200,ダフリカからまつ乙種2級,,,,,,,,,
6048,10,13000000,22200,ダフリカからまつ乙種3級,,,,,,,,,
6049,10,10000000,34800,ひば甲種1級,,,,,,,,,
6050,10,10000000,34800,ひば甲種2級,,,,,,,,,
6051,10,10000000,29400,ひば甲種3級,,,,,,,,,
6052,10,10000000,28200,ひば乙種1級,,,,,,,,,
6053,10,10000000,27600,ひば乙種2級,,,,,,,,,
6054,10,10000000,20400,ひば乙種3級,,,,,,,,,
6055,10,9500000,26400,べいつが甲種1級,,,,,,,,,
6056,10,9500000,26400,べいつが甲種2級,,,,,,,,,
6057,10,9500000,21600,べいつが甲種3級,,,,,,,,,
6058,10,9500000,21000,べいつが乙種1級,,,,,,,,,
6059,10,9500000,21000,べいつが乙種2級,,,,,,,,,
6060,10,9500000,17400,べいつが乙種3級,,,,,,,,,
6061,10,10000000,34200,えぞまつ甲種1級,,,,,,,,,
6062,10,10000000,28200,えぞまつ甲種2級,,,,,,,,,
6063,10,10000000,17400,えぞまつ甲種3級,,,,,,,,,
6064,10,10000000,27000,えぞまつ乙種1級,,,,,,,,,
6065,10,10000000,22800,えぞまつ乙種2級,,,,,,,,,
6066,10,10000000,9000,えぞまつ乙種3級,,,,,,,,,
6067,10,10000000,34200,とどまつ甲種1級,,,,,,,,,
6068,10,10000000,28200,とどまつ甲種2級,,,,,,,,,
6069,10,10000000,17400,とどまつ甲種3級,,,,,,,,,
6070,10,10000000,27000,とどまつ乙種1級,,,,,,,,,
6071,10,10000000,22800,とどまつ乙種2級,,,,,,,,,
6072,10,10000000,9000,とどまつ乙種3級,,,,,,,,,
6073,10,4900000,24000,すぎE50,,,,,,,,,
6074,10,6900000,29400,すぎE70,,,,,,,,,
6075,10,8800000,34800,すぎE90,,,,,,,,,
6076,10,10800000,40800,すぎE110,,,,,,,,,
6077,10,12700000,46200,すぎE130,,,,,,,,,
6078,10,14700000,51600,すぎE150,,,,,,,,,
6079,10,4900000,13800,ひのきE50,,,,,,,,,
6080,10,6900000,22200,ひのきE70,,,,,,,,,
6081,10,8800000,30600,ひのきE90,,,,,,,,,
6082,10,10800000,38400,ひのきE110,,,,,,,,,
6083,10,12700000,46800,ひのきE130,,,,,,,,,
6084,10,14700000,55200,ひのきE150,,,,,,,,,
6085,10,6900000,12000,あかまつE70,,,,,,,,,
6086,10,8800000,21000,あかまつE90,,,,,,,,,
6087,10,10800000,30600,あかまつE110,,,,,,,,,
6088,10,12700000,39600,あかまつE130,,,,,,,,,
6089,10,14700000,48600,あかまつE150,,,,,,,,,
6090,10,6900000,12000,べいまつE70,,,,,,,,,
6091,10,8800000,21000,べいまつE90,,,,,,,,,
6092,10,10800000,30600,べいまつE110,,,,,,,,,
6093,10,12700000,39600,べいまつE130,,,,,,,,,
6094,10,14700000,48600,べいまつE150,,,,,,,,,
6095,10,6900000,12000,ダフリカからまつE70,,,,,,,,,
6096,10,8800000,21000,ダフリカからまつE90,,,,,,,,,
6097,10,10800000,30600,ダフリカからまつE110,,,,,,,,,
6098,10,12700000,39600,ダフリカからまつE130,,,,,,,,,
6099,10,14700000,48600,ダフリカからまつE150,,,,,,,,,
6100,10,6900000,12000,べいつがE70,,,,,,,,,
6101,10,8800000,21000,べいつがE90,,,,,,,,,
6102,10,10800000,30600,べいつがE110,,,,,,,,,
6103,10,12700000,39600,べいつがE130,,,,,,,,,
6104,10,14700000,48600,べいつがE150,,,,,,,,,
6105,10,6900000,12000,えぞまつE70,,,,,,,,,
6106,10,8800000,21000,えぞまつE90,,,,,,,,,
6107,10,10800000,30600,えぞまつE110,,,,,,,,,
6108,10,12700000,39600,えぞまつE130,,,,,,,,,
6109,10,14700000,48600,えぞまつE150,,,,,,,,,
6110,10,6900000,12000,とどまつE70,,,,,,,,,
6111,10,8800000,21000,とどまつE90,,,,,,,,,
6112,10,10800000,30600,とどまつE110,,,,,,,,,
6113,10,12700000,39600,とどまつE130,,,,,,,,,
6114,10,14700000,48600,とどまつE150,,,,,,,,,
6115,10,4900000,13800,からまつE50,,,,,,,,,
6116,10,6900000,22200,からまつE70,,,,,,,,,
6117,10,8800000,30600,からまつE90,,,,,,,,,
6118,10,10800000,38400,からまつE110,,,,,,,,,
6119,10,12700000,46800,からまつE130,,,,,,,,,
6120,10,14700000,55200,からまつE150,,,,,,,,,
6121,10,4900000,13800,ひばE50,,,,,,,,,
6122,10,6900000,22200,ひばE70,,,,,,,,,
6123,10,8800000,30600,ひばE90,,,,,,,,,
6124,10,10800000,38400,ひばE110,,,,,,,,,
6125,10,12700000,46800,ひばE130,,,,,,,,,
6126,10,14700000,55200,ひばE150,,,,,,,,,
6127,10,17000000,49500,E170－F495対称異等級,,,,,,,,,
6128,10,15000000,43500,E150－F435対称異等級,,,,,,,,,
6129,10,13500000,37500,E135－F375対称異等級,,,,,,,,,
6130,10,12000000,33000,E120－F330対称異等級,,,,,,,,,
6131,10,10500000,30000,E105－F300対称異等級,,,,,,,,,
6132,10,9500000,27000,E95－F270対称異等級,,,,,,,,,
6133,10,8500000,25500,E85－F255対称異等級,,,,,,,,,
6134,10,7500000,24000,E75－F240対称異等級,,,,,,,,,
6135,10,6500000,22500,E65－F225対称異等級,,,,,,,,,
6136,10,6500000,22000,E65－F220対称異等級,,,,,,,,,
6137,10,5500000,20000,E55－F200対称異等級,,,,,,,,,
6138,10,19000000,61500,E190－F615同一等級,,,,,,,,,
6139,10,17000000,54000,E170－F54同一等級,,,,,,,,,
6140,10,15000000,46500,E150－F465同一等級,,,,,,,,,
6141,10,13500000,40500,E135－F405同一等級,,,,,,,,,
6142,10,12000000,37500,E120－F375同一等級,,,,,,,,,
6143,10,10500000,34500,E105－F345同一等級,,,,,,,,,
6144,10,9500000,31500,E95－F315同一等級,,,,,,,,,
6145,10,8500000,30000,E85－F300同一等級,,,,,,,,,
6146,10,7500000,27000,E75－F270同一等級,,,,,,,,,
6147,10,6500000,25500,E65－F255同一等級,,,,,,,,,
6148,10,5500000,22500,E55－F225同一等級,,,,,,,,,
6149,10,7000000,22200,すぎ,,,,,,,,,
6150,10,7000000,26700,ひのき,,,,,,,,,
6151,10,7000000,28200,あかまつ,,,,,,,,,
6152,10,7000000,28200,くろまつ,,,,,,,,,
6153,10,7000000,28200,べいまつ,,,,,,,,,
6154,10,7000000,26700,からまつ,,,,,,,,,
6155,10,7000000,26700,ひば,,,,,,,,,
6156,10,7000000,26700,べいひ,,,,,,,,,
6157,10,7000000,26700,べいひば,,,,,,,,,
6158,10,7000000,25200,つが,,,,,,,,,
6159,10,7000000,25200,べいつが,,,,,,,,,
6160,10,7000000,22200,もみ,,,,,,,,,
6161,10,7000000,22200,えぞまつ,,,,,,,,,
6162,10,7000000,22200,とどまつ,,,,,,,,,
6163,10,7000000,22200,べいすぎ,,,,,,,,,
6164,10,7000000,22200,スプルース,,,,,,,,,
6165,10,10000000,38400,かし,,,,,,,,,
6166,10,8000000,29400,くり,,,,,,,,,
6167,10,8000000,29400,なら,,,,,,,,,
6168,10,8000000,29400,ぶな,,,,,,,,,
6169,10,8000000,29400,けやき,,,,,,,,,
6170,26,3409.357,807.033498,492.2229,-6082.9,0.00401,0.02222,0.02868,0.02981,TH-10,,,
6171,26,7426.23,1294.93244,665.7746,-2808.93,0.00366,0.02157,0.03,0.033,TH-18,,,
6172,26,10476.1,2143.87406,951.4435,-8569.45,0.00332,0.0192,0.02725,0.02902,TH-24,,,
6173,26,2275.94,3822.48077,1994.713,-44521.5,0.00177,0.01009,0.0141,0.01437,TH-33,,,
6174,26,3196.173913,250.7478514,222.6716648,-799.6369231,0.0046,0.01833,0.0274,0.03,BAP-180 30,,,
6175,26,4893.046154,493.7435897,298.7676561,1016.385882,0.0039,0.01833,0.0281,0.0298,BAP-180 45,,,
6176,26,6341.348571,676.3243545,340.6395371,-2871.397753,0.0035,0.01783,0.0282,0.02998,BAP-180 60,,,
6177,26,3921.116981,437.0129134,312.5911579,-1659.050213,0.0053,0.018,0.0275,0.02985,BAP-240 30,,,
6178,26,4479.843137,1311.118786,433.3385863,-1646.77456,0.0051,0.01367,0.0223,0.02969,BAP-240 45,,,
6179,26,9251.714286,1243.170561,410.9614166,-481.7623616,0.0028,0.01367,0.0244,0.02982,BAP-240 60,,,
6180,26,1778.642922,672.6707424,410.4796434,-644.8415584,0.00876,0.0225,0.02923,0.03,GUD-180,,,
6181,26,6323.195294,1064.657297,348.671577,34.04571429,0.0034,0.0145,0.02509,0.02929,GUD-240,,,
6182,26,7616.533,2410.21913,264.2387,853.5838,0.0012,0.0035,0.0096,0.00713,GP-95_中柱,,,
6183,26,5579.874,1607.14266,355.4784,-554.696,0.0019,0.00483,0.0096,0.01255,HDP-10_中柱,,,
6184,26,9369.244,5111.65091,1351.708,-265.532,0.0018,0.004,0.0063,0.01175,HDP-15_中柱,,,
6185,26,11601.09,3580.80441,460.9727,-1484.29,0.0022,0.00583,0.015,0.01888,HDP-20_中柱,,,
6186,26,20416.86667,7579.809524,578.9812332,-279.0143737,0.0012,0.00309,0.01055,0.01542,HDP-CC,,,
6187,26,15353.96,2704.49133,686.9574,-17762.9,0.0018,0.01183,0.0207,0.02163,PBC-27(180-210),,,
6188,26,20487.13,2601.22027,947.9741,-10137.04,0.0024,0.01483,0.0244,0.02525,PBC-49(240-390),,,
6189,26,10465.52,5260.815047,375.6199,-302.567,0.00273,0.00592,0.01939,0.02419,HDCⅢ-S,,,
6190,26,11350.42,4031.127517,904.5722,-1781.21,0.00349,0.00945,0.01728,0.02081,HDCⅢ-L,,,
6191,26,30235.81,8968.58468,2314.077,-4778.44,0.0021,0.00667,0.0117,0.01427,PBH-63,,,
6192,26,4669.423221,1416.810127,484.5538462,-878.9955157,0.00267,0.00583,0.00973,0.01196,HMP-140,,,
6193,26,17434.44068,7466.742857,1108.653595,-367.7318436,0.00059,0.00129,0.00282,0.0064,HMP-260,,,
6194,26,4595.959184,706.276644,328.1085271,-497.7163636,0.00196,0.01078,0.01594,0.01869,GP-140,,,
6195,26,7076.26087,12169.87013,2180.740741,-8137.75,0.00092,0.00169,0.0025,0.00282,GP-190,,,
6196,26,28630.11765,8577.706667,898.2,-480.0352423,0.00034,0.00109,0.00309,0.00536,GP-235,,,
6197,26,3446.176,624.6171429,355.9771429,-227.0582857,0.005,0.012,0.019,0.0295,HDA-15,,,
6198,26,8038.4,2920.21034,553.9133872,-536.0773414,0.0044,0.01117,0.223,0.02892,HDA-35,,,
6199,26,6694.009302,1815.07907,636.0824742,-510.3206107,0.0043,0.0129,0.02066,0.0259,HDA-25Ⅳ,,,
6217,26,4827.6,837.8,444,-1696.6,0.00232,0.01058,0.01513,0.01658,RP-10_柱頭・柱脚_中,,,
6218,26,2582.4,376.7,222.2,-450.7,0.00182,0.00766,0.01135,0.01348,RP-10_柱頭・柱脚_隅,,,
6219,26,3360.6,1038,334.3,-579,0.0033,0.0133,0.02045,0.02627,RP-10_柱頭・柱脚_出隅,,,
6220,26,6750.5,2328.7,415.8,-486.2,0.00203,0.00492,0.01038,0.01323,RP-10_継_中,,,
6221,26,6750.5,2328.7,415.8,-486.2,0.00203,0.00492,0.01038,0.01323,RP-10_継_隅,,,
6222,26,6750.5,2328.7,415.8,-486.2,0.00203,0.00492,0.01038,0.01323,RP-10_継_出隅,,,
6223,26,7680.6,705.9,388.7,-289.6,0.00156,0.00818,0.01299,0.0173,RP-10(+)_柱頭・柱脚_中,,,
6224,26,2582.4,376.7,222.2,-450.7,0.00182,0.00766,0.01135,0.01348,RP-10(+)_柱頭・柱脚_隅,,,
6225,26,1801.6,968.1,160.8,-565.6,0.00572,0.01261,0.02427,0.02762,RP-10(+)_柱頭・柱脚_出隅,,,
6226,26,17214.8,2258,725.5,-914.9,0.00123,0.00622,0.01119,0.01407,PZ-HDP-15_柱頭・柱脚_中,,,
6227,26,1930.1,436.2,194.6,-1366.9,0.00515,0.01911,0.02831,0.03,PZ-HDP-15_柱頭・柱脚_隅,,,
6228,26,4407.5,1219.5,327.2,-1578.4,0.00368,0.01431,0.02424,0.02673,PZ-HDP-15_柱頭・柱脚_出隅,,,
6229,26,14765.2,2201.9,701.5,-1124.3,0.00165,0.00838,0.01459,0.01787,PZ-HDP-20_柱頭・柱脚_中,,,
6230,26,2990.8,1156,615.5,-9128.4,0.00565,0.01362,0.01834,0.01863,PZ-HDP-20_柱頭・柱脚_隅,,,
6231,26,2990.8,1156,615.5,-9128.4,0.00565,0.01362,0.01834,0.01863,PZ-HDP-20_柱頭・柱脚_出隅,,,
6232,26,5077.5,990.1,444.5,-1030.3,0.00483,0.01706,0.02617,0.03,PZ-HDP-20CN_柱頭・柱脚_中,,,
6233,26,5077.5,990.1,444.5,-1030.3,0.00483,0.01706,0.02617,0.03,PZ-HDP-20CN_柱頭・柱脚_隅,,,
6234,26,5077.5,990.1,444.5,-1030.3,0.00483,0.01706,0.02617,0.03,PZ-HDP-20CN_柱頭・柱脚_出隅,,,
6235,26,11649.7,4984,2327.1,2447.1,0.00263,0.00451,0.00642,0.01007,PZ-HDP-30HJ_継_中,,,
6236,26,11649.7,4984,2327.1,2447.1,0.00263,0.00451,0.00642,0.01007,PZ-HDP-30HJ_継_隅,,,
6237,26,11649.7,4984,2327.1,2447.1,0.00263,0.00451,0.00642,0.01007,PZ-HDP-30HJ_継_出隅,,,
6238,26,11649.7,4984,2327.1,2447.1,0.00263,0.00451,0.00642,0.01007,PZ-HDP-30_柱頭・柱脚_中,,,
6239,26,11649.7,4984,2327.1,2447.1,0.00263,0.00451,0.00642,0.01007,PZ-HDP-30_柱頭・柱脚_隅,,,
6240,26,11649.7,4984,2327.1,2447.1,0.00263,0.00451,0.00642,0.01007,PZ-HDP-30_柱頭・柱脚_出隅,,,
6241,26,4707.6,811.7,291,-2133,0.00259,0.00768,0.01389,0.01428,FP-140_柱頭・柱脚_中,,,
6242,26,2562.3,521.1,228.8,-656.9,0.00465,0.01542,0.02393,0.02628,FP-140_柱頭・柱脚_出隅,,,
6243,26,4186.3,1619.1,499.7,-571.8,0.00268,0.00502,0.00835,0.01057,FP-260_柱頭・柱脚_中,,,
6244,26,4186.3,1619.1,499.7,-571.8,0.00268,0.00502,0.00835,0.01057,FP-260_柱頭・柱脚_隅,,,
6245,26,4186.3,1619.1,499.7,-571.8,0.00268,0.00502,0.00835,0.01057,FP-260_柱頭・柱脚_出隅,,,
6246,26,16706.6,6781.3,2654.7,-1856.3,0.0018,0.00389,0.00574,0.00826,PS-OP30_柱脚_中,,,
6247,26,16706.6,6781.3,2654.7,-1856.3,0.0018,0.00389,0.00574,0.00826,PS-OP30_柱脚_隅,,,
6248,26,16706.6,6781.3,2654.7,-1856.3,0.0018,0.00389,0.00574,0.00826,PS-OP30_柱脚_出隅,,,
6249,26,7771.7,2341.4,923.1,-3360,0.004,0.0123,0.01838,0.02036,PSHD-30CN-Ⅱ_柱脚_出隅,,,
6250,26,13493.7,5504.5,1863.4,-3648.5,0.00224,0.00568,0.00861,0.01027,PSHD-30ST-Ⅱ_柱脚_中,,,
6251,26,21667.1,10627.3,2562.7,-1623.9,0.00212,0.00482,0.00806,0.01173,PSBP-45_柱脚_中,,,
6252,26,21667.1,10627.3,2562.7,-1623.9,0.00212,0.00482,0.00806,0.01173,PSBP-45_柱脚_隅,,,
6253,26,21667.1,10627.3,2562.7,-1623.9,0.00212,0.00482,0.00806,0.01173,PSBP-45_柱脚_出隅,,,
6254,26,4386.176471,828.4925575,317.443038,-756.9824561,0.00272,0.01011,0.01643,0.01871,RFP-140_柱頭・柱脚_中,,,
6255,26,4171.539033,1090.887701,349.0636215,-502.5010893,0.00269,0.01017,0.0163,0.02089,RFP-140_柱頭・柱脚_出隅,,,
6256,26,2269.924433,480.3786982,203.6209588,-1318.918919,0.00397,0.01918,0.02815,0.03,BXﾊﾞﾈ付羽子板ﾎﾞﾙﾄ_梁端部_柱-梁、梁-梁,,,
6258,26,10807.69231,1000,243.2432432,-257.4257426,0.00026,0.00074,0.00222,0.00424,スリムかすがい・Ⅱ_柱頭柱脚_中柱,,,
6259,26,12222.79551,5082.848101,1372.193732,-1919.643454,0.00445,0.01077,0.01779,0.02138,〔枠材用〕高耐力ﾌﾚｯｸｽﾎｰﾙﾀﾞｳﾝ（枠材45mm）_柱頭柱脚_-,,,
6260,26,10437.9085,5106.45614,1543.115578,-1279.011844,0.00459,0.01143,0.0174,0.02331,〔枠材用〕高耐力ﾌﾚｯｸｽﾎｰﾙﾀﾞｳﾝ（枠材30mm）_柱頭柱脚_-,,,
6261,26,1990.661765,1363.537994,362.7515755,-913.9834711,0.00544,0.01202,0.01805,0.01926,〔枠材用〕ﾐﾄﾞﾙｺｰﾅｰ10_柱頭柱脚_中柱,,,
6262,26,1892.311909,890.6419704,412.7684588,-1616.053631,0.00613,0.01628,0.02186,0.02365,〔枠材用〕ﾐﾄﾞﾙｺｰﾅｰ10_柱頭柱脚_隅柱,,,
6263,26,9363.636364,1694.186842,326.7017544,-262.2046875,0.0011,0.0049,0.0106,0.017,DP-2 ﾏｽﾀｰﾌﾟﾚｰﾄ_柱頭柱脚_-,,,
6264,26,1965.317919,682.9761658,266.6514286,-932.6095238,0.00519,0.01484,0.02184,0.02394,ｽﾘﾑﾍﾋﾞｰ10_柱頭柱脚_隅柱,,,
6265,26,2198.475102,613.005283,334.6198473,-630.5454545,0.0049,0.01285,0.01809,0.01996,ｽﾘﾑﾍﾋﾞｰ10_柱頭柱脚_中柱,,,
6266,26,2081.081081,806.0286832,359.87251,-2094.457143,0.00481,0.01248,0.0175,0.01834,ｽﾘﾑﾍﾋﾞｰ10合板ﾀｲﾌﾟ_柱頭柱脚_隅柱,,,
6267,26,2338.820276,766.9556401,393.631441,-1684.545794,0.00434,0.01223,0.01681,0.01788,ｽﾘﾑﾍﾋﾞｰ10合板ﾀｲﾌﾟ_柱頭柱脚_中柱,,,
6268,26,1951.663309,540.5724382,292.5448916,-1107.730233,0.00556,0.01688,0.02334,0.02506,ｽﾘﾑﾍﾋﾞｰ10合板ﾀｲﾌﾟ(枠材)_柱頭柱脚_隅柱,,,
6269,26,1826.306457,561.9891892,340.1207815,-1597.963636,0.00573,0.01794,0.02357,0.02511,ｽﾘﾑﾍﾋﾞｰ10合板ﾀｲﾌﾟ(枠材)_柱頭柱脚_中柱,,,
6270,26,6836.517007,1173.88024,228.3283237,-310.9226006,0.00147,0.00815,0.0168,0.02326,ﾊｲﾊﾟｰｺｰﾅｰ_柱頭柱脚_中柱,,,
6271,26,4902.137405,1042.362745,655.0790378,-760.1241685,0.00524,0.0134,0.01922,0.02373,ﾌﾟﾙｰｽﾎｰﾙﾀﾞｳﾝ25_柱頭柱脚_-,,,
6272,26,8071.146535,2479.497278,698.6196532,-938.8623549,0.00505,0.01056,0.01921,0.02524,ﾌﾟﾙｰｽﾎｰﾙﾀﾞｳﾝ40_柱頭柱脚_-,,,
6273,26,7354.915254,2863.030675,559.5996223,-692.918239,0.00472,0.01124,0.02183,0.02819,〔枠材用〕ﾌﾚｯｸｽﾎｰﾙﾀﾞｳﾝ（在来枠材用L）_柱頭柱脚_-,,,
6274,26,4754.648019,1463.025641,651.2527473,-564.7583643,0.00429,0.01209,0.01755,0.02293,〔枠材用〕ﾌﾚｯｸｽﾎｰﾙﾀﾞｳﾝ（在来枠材用S）_柱頭柱脚_-,,,
6275,26,4120.992248,1428.841163,453.0682635,-1474.947368,0.00516,0.0141,0.02245,0.02454,ﾍﾋﾞｰｺｰﾅｰ20_柱頭柱脚_隅柱,,,
6276,26,5130.613065,1874.416422,556.3383686,-1266.917293,0.00398,0.0108,0.01742,0.02008,ﾍﾋﾞｰｺｰﾅｰ20_柱頭柱脚_中柱,,,
6277,26,3633.254125,1672.907317,585.7647059,-1655.620853,0.00606,0.01426,0.02106,0.02317,ﾍﾋﾞｰｺｰﾅｰ20合板ﾀｲﾌﾟ_柱頭柱脚_隅柱,,,
6278,26,4797.724466,1769.032175,560.4385185,-1502.366667,0.00421,0.01198,0.01873,0.02113,ﾍﾋﾞｰｺｰﾅｰ20合板ﾀｲﾌﾟ_柱頭柱脚_中柱,,,
6279,26,5431.331104,885.5550936,312.4897959,-718.7446154,0.00299,0.01261,0.02143,0.02468,ﾐﾄﾞﾙｺｰﾅｰ15_柱頭柱脚_隅柱,,,
6280,26,3801.864802,603.5734677,256.6863905,-662.309434,0.00429,0.0162,0.02634,0.02899,ﾐﾄﾞﾙｺｰﾅｰ15_柱頭柱脚_中柱,,,
6281,26,6178.788732,1306.841226,284.8288973,-547.1163895,0.00284,0.01002,0.02054,0.02475,ﾐﾄﾞﾙｺｰﾅｰ15合板ﾀｲﾌﾟ_柱頭柱脚_隅柱,,,
6282,26,4182.719258,1094.178429,339.9206534,-457.1329879,0.00431,0.01182,0.02039,0.02618,ﾐﾄﾞﾙｺｰﾅｰ15合板ﾀｲﾌﾟ_柱頭柱脚_中柱,,,
6283,26,15260.86311,5392.539683,1414.816229,-4062.960289,0.00431,0.01187,0.02025,0.02302,高耐力ﾌﾚｯｸｽﾎｰﾙﾀﾞｳﾝ60_柱頭柱脚_-,,,
6284,26,14775,2726.541176,437.1076923,-207.847619,0.0004,0.0021,0.0047,0.0089,DP-2 ｴｰｽﾃﾝﾌﾟﾚｰﾄ・S_柱頭柱脚_-,,,
6285,26,9350.222222,1036.463158,267.8641509,-199.1069767,0.0009,0.0047,0.01,0.0143,DP-2 背割りﾌﾟﾚｰﾄ_柱頭柱脚_-,,,
6286,26,18500,2611.733333,439.6307692,-307.3777778,0.0004,0.0016,0.0042,0.0069,ｴｰｽﾃﾝﾌﾟﾚｰﾄⅢ-ZM_柱頭柱脚_-,,,
6287,26,10330.66667,772.9015873,281.4222222,-568.8275862,0.0006,0.0069,0.0114,0.0143,ｺｰﾅｰﾌﾟﾚｰﾄ・Ⅱ_柱頭柱脚_-,,,
6288,26,4717.688889,254.1409524,182.4761905,-263.0666667,0.0009,0.0114,0.0156,0.0204,ｽﾏｰﾄｺｰﾅｰ_柱頭柱脚_-,,,
6289,26,5339.657143,527.0297872,267.5657143,-367.8836364,0.0007,0.0101,0.0136,0.0191,ｽﾏｰﾄｺｰﾅｰ合板ﾀｲﾌﾟ_柱頭柱脚_-,,,
6290,26,7938.057143,319.5466667,241.0526316,-299.64,0.0007,0.0067,0.0105,0.0133,ﾐﾆｺｰﾅｰ・S_柱頭柱脚_-,,,
6291,26,8880.901408,1095.577558,212.4462151,-239.6853933,0.00071,0.00374,0.00876,0.01232,ﾗｲﾄｺｰﾅｰ_柱頭柱脚_中柱,,,
6292,26,6532.088889,974.3296703,232.4944812,-193.3714286,0.0009,0.00454,0.00907,0.01362,ﾗｲﾄｺｰﾅｰ_柱頭柱脚_隅柱,,,
6293,26,15552,2076.512821,417.248,-315.6179775,0.00039,0.00195,0.00445,0.00801,ﾗｲﾄｺｰﾅｰ合板ﾀｲﾌﾟ_柱頭柱脚_中柱,,,
6294,26,8270.666667,1483.509881,308,-222.4804469,0.00072,0.00325,0.00681,0.01039,ﾗｲﾄｺｰﾅｰ合板ﾀｲﾌﾟ_柱頭柱脚_隅柱,,,
6295,26,3673.511111,245.9804878,166.6086957,-508.7567568,0.0018,0.0182,0.0251,0.0288,ﾘﾌﾞｺｰﾅｰ_柱頭柱脚_中柱,,,
6296,26,2600,415.1572519,219.3290323,-423.16,0.0025,0.0156,0.0218,0.0258,ﾘﾌﾞｺｰﾅｰ_柱頭柱脚_隅柱,,,
6297,26,3712.418301,173.789241,-63.12835821,168.4088889,0.00153,0.0151,0.0218,0.0263,ﾘﾌﾞｺｰﾅｰ合板ﾀｲﾌﾟ_柱頭柱脚_中柱,,,
6298,26,2662.523077,378.1115646,285.7531915,-2040.369231,0.0026,0.0173,0.022,0.0233,ﾘﾌﾞｺｰﾅｰ合板ﾀｲﾌﾟ_柱頭柱脚_隅柱,,,
6299,26,4000,425.0780142,352,-215.2763819,0.00258,0.01668,0.0218,0.02976,ﾘﾌﾞｺｰﾅｰ合板ﾀｲﾌﾟx2_柱頭柱脚_出隅,,,
6300,26,6774.993711,596.2588043,256.61,-247.1022444,0.00159,0.0138,0.0218,0.02982,ﾘﾌﾞｺｰﾅｰ合板ﾀｲﾌﾟx2_柱頭柱脚_中柱,,,
6301,26,5104.38,734.1740741,66.01794872,203.0803571,0.001,0.0064,0.022,0.0164,合板ｺｰﾅｰ・Ⅱ_柱頭柱脚_中柱,,,
6302,26,19771.55556,1173.164265,288.3348837,-192.9325843,0.00036,0.00383,0.00813,0.01525,背割りｺｰﾅｰ_柱頭柱脚_中柱,,,
6303,26,2889.245283,660.4324324,255.9381443,-181.9130435,0.00212,0.00656,0.01044,0.01458,背割りｺｰﾅｰ_柱頭柱脚_隅柱,,,
6304,26,12942.83333,687.1586716,229.836478,-677.8803419,0.00048,0.0059,0.01067,0.01301,背割りｺｰﾅｰ合板ﾀｲﾌﾟ_柱頭柱脚_中柱,,,
6305,26,2733.913043,685.9136213,161.9267606,-693.877551,0.0023,0.00832,0.01542,0.01738,背割りｺｰﾅｰ合板ﾀｲﾌﾟ_柱頭柱脚_隅柱,,,
6306,26,4120.756757,597.44,247.7741176,-91.27516779,0.00148,0.00723,0.01148,0.02042,背割りﾌﾟﾚｰﾄZMG（壁合板ﾀｲﾌ）ﾟ_柱頭柱脚_中柱,,,
6307,26,18205.38721,7184.758294,1695.189873,-4589.263158,0.00594,0.01438,0.02544,0.02848,MPﾎｰﾙﾀﾞｳﾝ108_柱頭柱脚_-,,,
6308,26,48056,10582.09524,3248.771429,-4698.735484,0.0025,0.0067,0.0123,0.0154,丸鋼ﾎｰﾙﾀﾞｳﾝ対角仕様_柱頭_-,,,
6309,26,51220.83333,11261.96226,3278.76129,-5538.785185,0.0024,0.0077,0.0139,0.0166,丸鋼ﾎｰﾙﾀﾞｳﾝ対面仕様_柱頭柱脚_-,,,
6310,26,19857.21212,3599.663158,560.5656566,-244.7804878,0.00033,0.00128,0.00326,0.00736,BXｴｰｽﾌﾟﾚｰﾄ,,,
4003,40,1000,200,2,0.02,Maxwellダンパー K=1000kN/m C1=200kN s/m C2=2kN s/m リリーフ速度=0.02m/s,,,,,,,
4001,42,1000,2,Voigtダンパー  K=1000kN/m C=2kN s/m,,,,,,,,,
6001,50,2.439,9.758,15.39,17.1,15.551,0.00184,0.0184,0.0644,0.1191,0.157,0.02,構造用PB9mmN50@75mm大壁(4.3倍)
6002,50,2.379,9.517,15.427,17.142,15.67,0.00192,0.0192,0.07,0.1218,0.1617,0.02,構造用MDF9mmN50@75mm大壁(4.3倍)
6003,50,2.079,8.315,13.547,15.181,13.876,0.00243,0.0243,0.0847,0.1495,0.169,0.02,合板9mmCN50@75mm大壁(3.7倍)
6004,50,2.069,8.274,13.578,15.087,13.85,0.00146,0.0146,0.0485,0.1015,0.1323,0.02,構造用パネル9mmN50@75mm大壁(3.7倍)
6005,50,1.268,5.073,7.853,8.725,8.036,0.00123,0.0123,0.0476,0.0928,0.1473,0.02,構造用PB9mmN50@150mm大壁(2.5倍)
6006,50,1.2,4.8,8.478,9.42,8.555,0.00193,0.0193,0.07,0.1235,0.1701,0.02,構造用MDF9mmN50@150mm大壁(2.5倍)
6007,50,2.353,9.413,15.161,16.845,15.621,0.00179,0.0179,0.056,0.1194,0.1527,0.02,構造用PB9mmN50@75mm真壁(4.0倍)
6008,50,2.213,8.853,14.351,15.946,14.577,0.00192,0.0192,0.07,0.1218,0.1617,0.02,構造用MDF9mmN50@75mm真壁(4.0倍)
6009,50,2.042,8.166,13.31,14.783,13.41,0.0026,0.026,0.0834,0.148,0.1646,0.02,合板9mmCN50@75mm真壁(3.3倍)
6010,50,2.057,8.229,13.42,14.912,13.409,0.00211,0.0211,0.0742,0.1278,0.1569,0.02,構造用パネル9mmN50@75mm真壁(3.3倍)
6011,50,1.136,4.543,7.799,8.665,8.016,0.0015,0.015,0.0504,0.0872,0.1334,0.02,構造用PB9mmN50@150mm真壁(2.5倍)
6012,50,1.2,4.8,8.478,9.42,8.555,0.00193,0.0193,0.07,0.1235,0.1701,0.02,構造用MDF9mmN50@150mm真壁(2.5倍)
4004,50,0.803045,3.21218,6.045135764,6.716817516,6.5,0.007224,0.07224,0.168,0.238,0.28,0.02,BOSHIN B-3
4005,50,0.7515775,3.00631,7.118248194,7.90916466,7.8,0.0054236,0.054236,0.196,0.238,0.28,0.02,BOSHIN B-4
6200,50,0.9,4.987599147,7.608063474,8.45340386,7.703401563,0.001378928,0.013789276,0.06003814,0.112261538,0.162112547,0.02,構造用ハイベストウッド 大壁 告示仕様2.5倍
6201,50,0.833333333,4.862449137,9.400523495,10.44502611,8.790715628,0.0018373,0.018373001,0.08556351,0.123991453,0.156228649,0.02,構造用ハイベストウッド 真壁 告示仕様2.5倍
6202,50,2.5,10.3838117,15.85585347,17.61761496,16.22277977,0.001458462,0.014584621,0.056019079,0.103900855,0.138704274,0.02,構造用ハイベストウッド 大壁 告示仕様4.3倍
6203,50,1.666666667,9.090956596,14.98827223,16.65363581,15.13803856,0.002447482,0.024474821,0.084930908,0.136153846,0.158690205,0.02,構造用ハイベストウッド 真壁 告示仕様4.0倍
6204,50,1.233333333,7.780758538,11.96221646,13.29135163,12.24122891,0.002084344,0.020843439,0.077730568,0.131191453,0.182979487,0.02,構造用ハイベストウッド 大壁 認定仕様2.5倍
6205,50,2.7,9.049327834,14.42660938,16.02956598,14.69526519,0.001298389,0.012983887,0.049195975,0.103663248,0.11978224,0.02,構造用ハイベストウッド 大壁 認定仕様4.0倍
6206,50,1,7.645554488,13.07124187,14.52360207,12.91747892,0.002393637,0.02393637,0.097977301,0.153844444,0.185355556,0.02,構造用ハイベストウッド 真壁 認定仕様2.5倍
6207,50,0.91,5.489992575,9.540022457,10.60002495,9.151421139,0.001851733,0.018517333,0.069533333,0.125113333,0.155362667,0.02,構造用ハイベストウッド 真壁床勝 認定仕様2.5倍
6208,50,1.365,6.021581905,10.0235809,11.02702585,9.957526098,0.001389733,0.013897333,0.054133333,0.101098667,0.129864,0.02,構造用ハイベストウッド（7㎜厚）大壁 認定仕様2.7倍
6209,50,1.1375,5.760378865,9.917835395,11.0189014,9.797694105,0.001840533,0.018405333,0.069533333,0.107884,0.129574667,0.02,構造用ハイベストウッド（7㎜厚）真壁床勝 認定仕様2.5倍
6210,50,1.69589875,6.783595,10.72822433,11.92024925,10.81459925,0.0015316,0.015316,0.056,0.106932,0.15316,0.02,ノボパン認定2.9倍（大壁FRM-0177)
6211,50,1.539953188,6.15981275,11.58431684,12.87146315,11.4480002,0.0019124,0.019124,0.084,0.123116,0.166684,0.02,ノボパン認定2.6倍（真壁・真壁床勝ちFRM-0179)
6212,50,1.866143825,7.4645753,11.62799411,12.91999345,11.9182336,0.001512,0.01512,0.056,0.099176,0.128548,0.02,ノボパン認定3.0倍（大壁床勝ちFRM-0242）
6213,50,2.439385,9.75754,15.390135,17.10015,15.55102,0.0018424,0.018424,0.0644,0.119084,0.156996,0.02,ノボパン告示4.3倍（大壁）
6214,50,2.353135,9.41254,15.160635,16.84515,15.62102,0.0017864,0.017864,0.056,0.119392,0.152712,0.02,ノボパン告示4.0倍（真壁）
6215,50,1.268135,5.07254,7.852635,8.72515,8.03602,0.001232,0.01232,0.0476,0.092792,0.14728,0.02,ノボパン告示2.5倍（大壁）
6216,50,1.135635,4.54254,7.798635,8.66515,8.01602,0.001498,0.01498,0.0504,0.087192,0.133364,0.02,ノボパン告示2.5倍（真壁）
5901,59,503,504,,,,,,,,,,
5902,59,502,503,,,,,,,,,,
5903,59,503,503,,,,,,,,,,
5904,59,502,502,,,,,,,,,,
4002,501,0.5,0.1,-0.1,4000,30,0.02,0.02,0.2,0.6,0.02,履歴ダンパー 降伏点20mm8kN,
4009,501,0.05,0.01,-0.1,400,55,0.012,0.03,0.1,0.26,0.02,WUTEC,
4012,501,0.05,0.01,-0.1,1200,2,0.0047,0.03,0.1,0.18,0.02,GO-TA,
4014,501,0.05,0.01,-0.01,300,45,0.025,0.03,0.2,0.6,0.02,ブレースリー・バイリニア,
4008,503,600,180,50,-80,0.015,0.05,0.17,0.18,0.02,EQ GUARD,,
4010,503,430,170,60,-80,0.02,0.035,0.19,0.2,0.02,オメガシステム600,,
4011,503,430,100,60,-80,0.016,0.023,0.19,0.2,0.02,オメガシステム900,,
4013,503,350,220,50,-80,0.008,0.03,0.15,0.2,0.02,ブレースリー・テトラリニア,,
4006,513,1100,700,350,-20,0.009,0.017,0.06,0.1,20,0.5,ガーディアン・フォース／オレンジ３,
4007,513,800,400,200,-1,0.01,0.02,0.1,0.2,20,0.5,ガーディアン・フォース／ハイブリッド,
6312,26,4769.5,1260.9,624.5,-2224.9,0.00194,0.01027,0.01375,0.01562,PS10SU_梁端部_梁梁,,,
6313,26,4531.3,1430.1,665,-1237.7,0.0032,0.01351,0.01837,0.02184,PS18SU_梁端部_柱梁,,,
6314,26,8392.5,2102.2,1129.4,-3328.7,0.00218,0.0116,0.01536,0.01758,PS18SU_梁端部_梁梁,,,
6315,26,10510,2413.6,1091.2,-2395,0.00208,0.01007,0.01426,0.01757,PS24SU_梁端部_柱梁,,,
6316,26,12389.4,2959.2,1206.2,-1540.1,0.00205,0.01036,0.01495,0.01941,PS24SU_梁端部_梁梁,,,
6317,26,17114.2,2921.3,1153.9,-891,0.00145,0.00752,0.0116,0.01443,PS33SU_梁端部_柱梁,,,
6318,26,17500.2,4304.9,1816,-4840.6,0.00198,0.01013,0.01439,0.01694,PS33SU_梁端部_梁梁,,,
6319,26,21753.8,3612,1751.9,-1284.5,0.00162,0.00949,0.01353,0.02013,PS39SU_梁端部_柱梁,,,
6320,26,27305.6,4958.6,1998.9,-3630.1,0.00154,0.00963,0.01419,0.01734,PS39SU_梁端部_梁梁,,,
6321,26,51670.5,6917,3793.5,-3319.7,0.00093,0.0063,0.00881,0.01344,PS54SU_梁端部_柱梁,,,
6322,26,36729.8,6570.9,2422.6,-4025.7,0.00147,0.00967,0.01461,0.01886,PS54SU_梁端部_梁梁,,,
6323,26,3273.209549,769.3548387,497.9338843,-1884.816754,0.00377,0.01617,0.02101,0.023111,PS10_梁端部_柱梁,,,
6324,26,8244.094488,1618.040089,480.5352798,-1776.515152,0.00254,0.01152,0.01974,0.02238,PS18_梁端部_柱梁,,,
6325,26,13325.5814,2344.559585,872.2689076,-2174.342105,0.00215,0.00987,0.01582,0.01886,PS24_梁端部_柱梁,,,
6326,26,17868.77828,3974.507532,1818.584071,-42833.33333,0.00221,0.01084,0.01536,0.01572,PS33_梁端部_柱梁,,,
6327,26,2306.580645,777.6159886,422.8070175,-3348.623853,0.00465,0.01866,0.02436,0.02545,PS10typeM_梁端部_柱梁,,,
6328,26,2306.580645,777.6159886,422.8070175,-3348.623853,0.00465,0.01866,0.02436,0.02545,PS12typeM_梁端部_柱梁,,,
6329,26,2306.580645,777.6159886,422.8070175,-3348.623853,0.00465,0.01866,0.02436,0.02545,PS15typeM_梁端部_柱梁,,,
6330,26,5337.5,1307.87037,434.4827586,-1295.597484,0.0032,0.01616,0.02486,0.02963,PS18typeM_梁端部_柱梁,,,
6331,26,5337.5,1307.87037,434.4827586,-1295.597484,0.0032,0.01616,0.02486,0.02963,PS21typeM_梁端部_柱梁,,,
6332,26,13170.37037,3482.41206,1955.555556,-766.6666667,0.00135,0.00533,0.00713,0.01283,PS24typeM_梁端部_柱梁,,,
6333,26,13170.37037,3482.41206,1955.555556,-766.6666667,0.00135,0.00533,0.00713,0.01283,PS27typeM_梁端部_柱梁,,,
6334,26,13170.37037,3482.41206,1955.555556,-766.6666667,0.00135,0.00533,0.00713,0.01283,PS30typeM_梁端部_柱梁,,,
6335,26,13717.24138,3502.083333,1172.413793,-1073.593074,0.00145,0.00625,0.00973,0.01435,PS33typeM_梁端部_柱梁,,,
6336,26,13717.24138,3502.083333,1172.413793,-1073.593074,0.00145,0.00625,0.00973,0.01435,PS36typeM_梁端部_柱梁,,,
6337,26,13717.24138,3502.083333,1172.413793,-1073.593074,0.00145,0.00625,0.00973,0.01435,PS39typeM_梁端部_柱梁,,,
